model,validation,r2_mean,r2_std,rmse_mean,rmse_std,mae_mean,mae_std
random_forest_tuned,grouped_spatial_cv,0.49441893700125783,0.11846340440338168,1.4921268233510776,0.11344988134525498,1.1897351467190977,0.09621893546636223
random_forest_tuned,rolling_temporal,0.49005384956252857,0.06260385473890592,1.5355111168990285,0.1575580504517178,1.2677408293880028,0.15038352072959593
xgboost_tuned,grouped_spatial_cv,0.49528893453649464,0.11554029759020006,1.4913135007299636,0.11127718577348501,1.1954888690577956,0.08976058585734724
xgboost_tuned,rolling_temporal,0.4917974895448259,0.0633875138679857,1.5328715787620988,0.1583036003164406,1.274796093969929,0.1528308195393419
