model,validation,r2_mean,r2_std,rmse_mean,rmse_std,mae_mean,mae_std
mlp_tuned,grouped_spatial_cv,0.8253325145278779,0.07325328428928053,0.7830782511079996,0.19554248040265557,0.6044174148481425,0.15005565774749755
mlp_tuned,rolling_temporal,0.7956696010334675,0.1449139938942351,0.8092753435638205,0.25902838025912095,0.6223172534135762,0.18223267006445026
random_forest_tuned,grouped_spatial_cv,0.9056589569131012,0.016391071226203112,0.5811060746043013,0.05594698199413839,0.44660261538001916,0.04924190562359878
random_forest_tuned,rolling_temporal,0.9575353456335131,0.03163236943559709,0.3675093452261386,0.11706195760612692,0.27514021556270046,0.1034935194144353
xgboost_tuned,grouped_spatial_cv,0.9053816178967597,0.01617312943773014,0.580981168889156,0.04156483736945724,0.4489098132452149,0.0303635970895832
xgboost_tuned,rolling_temporal,0.9578203293525593,0.031274653556087044,0.3664834031035755,0.11604700884044461,0.28247473867172324,0.10237066558662654
