model,validation,r2_mean,r2_std,rmse_mean,rmse_std,mae_mean,mae_std
random_forest,grouped_spatial_cv,0.6090620076841293,0.07258656642512064,1.1598587127813749,0.04794446665917622,0.9250990680292089,0.06344391713244135
random_forest,rolling_temporal,0.8237611881146988,0.048918646383125326,0.7663346165677046,0.10474679881451031,0.5647093694476878,0.07116577864996367
xgboost_tuned,grouped_spatial_cv,0.6133916585198849,0.06625138741134858,1.156316324973367,0.09188147286332293,0.9220852365476613,0.07575841157458232
xgboost_tuned,rolling_temporal,0.8458001747890252,0.04352619536520968,0.7177625866120252,0.10599861453024947,0.5308698548272932,0.0773396766955863
